title,company,location,link
Full Stack Engineer,eBay,"Atlanta, GA",https://stackoverflow.com/jobs/556461
Frontend Developer - Remote/On-Site,eLearning Industry,"Athens, Greece",https://stackoverflow.com/jobs/566142
Senior Webentwickler/in (80-100%),bbv Software Services AG,"Zürich, Schweiz",https://stackoverflow.com/jobs/431192
Front-end web developer to make digital solutions for social challenges,Innovattic,"Delft, Netherlands",https://stackoverflow.com/jobs/529137
Web Developer - Slido,Slido,"Bratislava, Slovakia",https://stackoverflow.com/jobs/566126
Software-Entwickler (w/m/d),CASERIS GmbH,"Stolberg, Deutschland",https://stackoverflow.com/jobs/566118
Frontend Developer,Jobandtalent,"Madrid, Spain",https://stackoverflow.com/jobs/533664
Frontend Developer,Octopus Energy,"London, UK",https://stackoverflow.com/jobs/533659
Frontend-Entwickler WordPress,onOffice GmbH,No office location,https://stackoverflow.com/jobs/552287
Senior Fullstack Engineer,Tradeshift,"Bucharest, Romania",https://stackoverflow.com/jobs/530234
Senior Software Engineer / Ruby or Elixir/ Remote,The RealReal,No office location,https://stackoverflow.com/jobs/522850
Full Stack Developer (m/w/d),CARSYNC GmbH,"München, Deutschland",https://stackoverflow.com/jobs/522844
Sr. Full Stack Engineer- Python,AutoTrader,"Toronto, ON, Canada",https://stackoverflow.com/jobs/529021
Sr. Full Stack Engineer- Convertus,AutoTrader,"Toronto, ON, Canada",https://stackoverflow.com/jobs/529014
Java Support Engineer wanted!,Magnolia International Ltd.,No office location,https://stackoverflow.com/jobs/374068
Software Developer Vue.js (m/f/d),shopware AG,"Schöppingen, Deutschland",https://stackoverflow.com/jobs/549078
Senior Frontend Entwickler / Webentwickler / Developer / Webdesigner (m/w/d),weber.digital GmbH,"Balingen, Deutschland",https://stackoverflow.com/jobs/566526
Senior JavaScript Engineer (Canada Remote),Fullscript,No office location,https://stackoverflow.com/jobs/566520
Front-End Developer,Cognitive Space,"Houston, TX",https://stackoverflow.com/jobs/566089
LEAD INSTRUCTOR - WEB DEVELOPMENT [full time | hybrid],WBS Gruppe,No office location,https://stackoverflow.com/jobs/556317
Lead Software Engineer,Vodafone,"London, UK",https://stackoverflow.com/jobs/533128
Werkstudent/in Full Stack Developer (m/w/d),Audi Business Innovation GmbH,"München, Germany",https://stackoverflow.com/jobs/565967
Consultant (m/w/d)/ Developer (m/w/d) Robotic Process Automation (RPA),STAR COOPERATION GmbH,"Böblingen, Deutschland",https://stackoverflow.com/jobs/566512
Head of Scientific Computing (m/f/div),Max Planck Institute for Neurobiology of Behavior – caesar,"Bonn, Deutschland",https://stackoverflow.com/jobs/566074
Backend Java Developer,Tradeshift,"București, Romania",https://stackoverflow.com/jobs/533090
Frontend Developer / Headless Expert,Magnolia International Ltd.,No office location,https://stackoverflow.com/jobs/525573
Full-Stack-Entwickler (m/w/d) C# / .NET,HELMUT FISCHER GMBH INSTITUT FÜR ELEKTRONIK UND MESSTECHNIK,"Sindelfingen, Deutschland",https://stackoverflow.com/jobs/566068
Front End Engineer,Everli,No office location,https://stackoverflow.com/jobs/566063
Java Entwickler (m/w/d),STAR COOPERATION GmbH,"Böblingen, Deutschland",https://stackoverflow.com/jobs/566498
Softwareentwickler (m/w/d) PHP / Shopware,STAR COOPERATION GmbH,"Böblingen, Deutschland",https://stackoverflow.com/jobs/566496
Software Developer Team Lead,Derivco.,"Umhlanga, South Africa",https://stackoverflow.com/jobs/528640
Software Architect,Derivco.,"Umhlanga, South Africa",https://stackoverflow.com/jobs/528637
Senior Full-Stack Developer,Derivco.,"Umhlanga, South Africa",https://stackoverflow.com/jobs/528652
Senior Front-End Developer,Derivco.,"Umhlanga, South Africa",https://stackoverflow.com/jobs/528639
Intermediate Front-End Developer,Derivco.,"Umhlanga, South Africa",https://stackoverflow.com/jobs/528641
Data Architect,Derivco.,"Umhlanga, South Africa",https://stackoverflow.com/jobs/528638
"full-stack web developer (node.js, typescript)",code d'azur,"Amsterdam, Netherlands",https://stackoverflow.com/jobs/522428
Softwareentwickler (m/w/d),HESS Group GmbH,"Burbach, Deutschland",https://stackoverflow.com/jobs/566487
UI Designer / Webentwickler (m/w/d) im Bereich Software Entwicklung,ASCon Systems GmbH,"Stuttgart, Deutschland",https://stackoverflow.com/jobs/566051
C# / .NET Developer (f/m/d),Fusonic,"Götzis, Austria",https://stackoverflow.com/jobs/232275
PHP Developer (f/m/d),Fusonic,"Götzis, Austria",https://stackoverflow.com/jobs/195184
Fullstack Web-Entwickler (m/w/d),neusta webservices GmbH,"Köln, Deutschland",https://stackoverflow.com/jobs/566482
Softwareentwickler (m/w/d) Delphi-Entwicklung,ACT - Angewandte Computer Technik GmbH,"Kiel, Deutschland",https://stackoverflow.com/jobs/566480
Senior Softwareentwickler (m/w/d) Java,Linova Software GmbH,"München, Deutschland",https://stackoverflow.com/jobs/566479
Software Engineer - Web Front-end Product Development,ti&m AG,"Zürich, Schweiz",https://stackoverflow.com/jobs/522335
"(Senior) Frontend Developer (m/w/d), Remote, Köln, Hamburg, Berlin od. Gütersloh",Schüttflix GmbH,"Cologne, Germany",https://stackoverflow.com/jobs/525579
Senior Web Developer,ti&m AG,"Zürich, Schweiz",https://stackoverflow.com/jobs/522317
Senior Software Engineer Liferay,ti&m AG,"Zürich, Schweiz",https://stackoverflow.com/jobs/522316
(Senior) Software Engineer Magnolia CMS,ti&m AG,"Zürich, Schweiz",https://stackoverflow.com/jobs/522313
Senior Software Engineer Web Front-end,ti&m AG,"Bern, Schweiz",https://stackoverflow.com/jobs/522271
Fullstack Java Developer - for a cloud-based language training solution,Speexx,No office location,https://stackoverflow.com/jobs/521936
Senior Software Engineer Web Front-end,ti&m AG,"Zürich, Schweiz",https://stackoverflow.com/jobs/522252
Senior Software Engineer Web-Front-end / .NET,ti&m AG,"Zürich, Schweiz",https://stackoverflow.com/jobs/522251
Senior JavaScript Developer,Accenture Romania,"Bucharest, Romania",https://stackoverflow.com/jobs/525564
Full-Stack PHP-Entwickler (m/w/d),campoint AG,"Seligenstadt, Deutschland",https://stackoverflow.com/jobs/566465
(Senior) Frontend Engineer | Angular or React | Barcelona,Dynatrace,"Barcelona, Spain",https://stackoverflow.com/jobs/559775
Senior AEM Developer,AIR MILES,"Toronto, ON, Canada",https://stackoverflow.com/jobs/539248
Frontend-Entwickler (m/w/d),Hypersoft Trading GmbH,"Hamburg, Deutschland",https://stackoverflow.com/jobs/566459
Front End Software Engineer – HPC Products,DUG Technology,"West Perth, Australia",https://stackoverflow.com/jobs/528137
Web Developer - Apps Team,Esri,"Portland, ME",https://stackoverflow.com/jobs/566045
JavaScript Developer - Location Analytics,Esri,"Redlands, CA",https://stackoverflow.com/jobs/396325
Geo Data Visualization Front-End Developer,Esri,"Arlington, VA",https://stackoverflow.com/jobs/566041
.Net Developer,Smals,"Brussel, Belgium",https://stackoverflow.com/jobs/566034
Java Entwickler (m/w/d),ISO Recruiting Consultants GmbH,"Nürnberg, Deutschland",https://stackoverflow.com/jobs/566027
C++ Softwareentwickler (m/w/d),ISO Recruiting Consultants GmbH,"Nürnberg, Deutschland",https://stackoverflow.com/jobs/566026
Software Engineer – Frontend / Fullstack (m/f/d) remote or on-site,HolidayCheck Group AG,"Munich, Germany",https://stackoverflow.com/jobs/297720
MOBILE APP DEVELOPER (m/w/x),Axess AG,"Anif, Österreich",https://stackoverflow.com/jobs/457890
"Software Developers for our offices in Berlin, Hamburg, Göttingen or Abingdon",Evotec SE,"Hamburg, Germany",https://stackoverflow.com/jobs/524299
"Senior Software Developer/Team Leader in Berlin, Hamburg, Göttingen or Abingdon",Evotec SE,"Berlin, Germany",https://stackoverflow.com/jobs/550234
Front-End Web Developer - ArcGIS 3D Scene Viewer,Esri,"Zürich, Switzerland",https://stackoverflow.com/jobs/508672
Software Developers -  Gaming Tech,Derivco.,"Douglas, Isle of Man",https://stackoverflow.com/jobs/551468
Full Stack Developer,Checkmarx,"Braga, Portugal",https://stackoverflow.com/jobs/531560
Full Stack Webdeveloper (m/f/d),starmobile GmbH,"Fulda, Deutschland",https://stackoverflow.com/jobs/392888
"Frontend Software Entwickler Smart Irrigation, IoT/Garten-Geräte (m/w/d) 100%",Gardena GmbH,"Zürich, Switzerland",https://stackoverflow.com/jobs/531444
"Développeur .Net (possibilité de télétravail à 100%, partout au Québec)",Grics,"Montréal, QC, Canada",https://stackoverflow.com/jobs/521899
Senior Front End Engineer,Demand.io,"Los Angeles, CA",https://stackoverflow.com/jobs/555644
"Développeur C# C++ (possibilité de télétravail à 100%, partout au Québec)",Grics,"Montréal, QC, Canada",https://stackoverflow.com/jobs/521898
JAVA Full Stack Web Application Developer – Entry Level & Internships,LBi Software,"Melville, NY",https://stackoverflow.com/jobs/521892
Sr. Software Engineer (Full stack Java),MUFG,"Charlotte, NC",https://stackoverflow.com/jobs/559425
Modern Infrastructure and Security Architect - Remote,MUFG,No office location,https://stackoverflow.com/jobs/559431
Java Developer,MUFG,"New York, NY",https://stackoverflow.com/jobs/559436
Full Stack Engineer (Mid-level - Python/JavaScript),Night Market,No office location,https://stackoverflow.com/jobs/566449
Senior Full Stack Engineer (Python/JavaScript),Night Market,No office location,https://stackoverflow.com/jobs/566448
Senior Front-end Developer with React.js,Marketer Technologies AS,"Oslo, Norway",https://stackoverflow.com/jobs/541502
React Developer - Are you available for the most recognized sports retailer ?,Pentalog,No office location,https://stackoverflow.com/jobs/554216
Senior Hybrid Web-App Developer,Platogo Interactive Entertainment GmbH,"Wien, Austria",https://stackoverflow.com/jobs/489573
Front End Developer,Insites Digital,"Hitchin, UK",https://stackoverflow.com/jobs/531167
Senior Javascript Developer / Tech Lead,Insites Digital,"Hitchin, UK",https://stackoverflow.com/jobs/531166
Senior Fullstack Engineer (Python/Django/React)- #12 of Top-100 Marketplaces,StyleSeat,No office location,https://stackoverflow.com/jobs/561047
Senior WordPress Developer,Curotec,No office location,https://stackoverflow.com/jobs/550906
Senior Software Engineer Fullstack Java (m/w/d),SCHUFA Holding AG,"Wiesbaden, Deutschland",https://stackoverflow.com/jobs/566435
Full-Stack Technical Lead,SSENSE,"Montreal, QC, Canada",https://stackoverflow.com/jobs/521742
PHP Developer,alfaview GmbH,No office location,https://stackoverflow.com/jobs/559394
Full-Stack Technical Lead,SSENSE,"Austin, TX",https://stackoverflow.com/jobs/521737
Java Entwickler (d/m/w),DEVK Versicherungen,"Köln, Deutschland",https://stackoverflow.com/jobs/524968
.NET Developer,Cleverlance,"Prague, Czechia",https://stackoverflow.com/jobs/538579
React Developer,Cleverlance,"Prague, Czechia",https://stackoverflow.com/jobs/526993
Mobile APP Developers - Leading Electronics Company,Pyronix,"Doncaster, UK",https://stackoverflow.com/jobs/524940
(Senior) Consultant Digital Experience und Marketing,ti&m AG,"Zürich, Schweiz",https://stackoverflow.com/jobs/524920
Senior Development Engineer (Android),Rain Bird Corporation,"Tucson, AZ",https://stackoverflow.com/jobs/555339
Engineering Lead - Western Europe Expansion,Wise,"Budapest, Hungary",https://stackoverflow.com/jobs/565917
Engineering Manager,AMBOSS,"Berlin, Germany",https://stackoverflow.com/jobs/524863
(Junior) Full Stack Developer (m/w/d),MVZ Martinsried GmbH,"Planegg, Deutschland",https://stackoverflow.com/jobs/565919
Senior Web Angular Developer,MHR,"Nottingham, UK",https://stackoverflow.com/jobs/524829
Senior Full-Stack Developer,eBay,"Amsterdam, Netherlands",https://stackoverflow.com/jobs/541472
Softwareentwickler (m/w/d) PHP / Java im Bereich eCommerce,SECOMP GmbH,"Ettlingen, Deutschland",https://stackoverflow.com/jobs/565918
(Senior) React Frontend Engineer - Core Functionality / all genders,Elinvar GmbH,"Berlin, Germany",https://stackoverflow.com/jobs/562577
Senior Software Engineer,uShip,"Austin, TX",https://stackoverflow.com/jobs/537938
Senior Java Fullstack Developer: contribute E2E from server side to API & the UI,Mimecast,"London, UK",https://stackoverflow.com/jobs/415192
"Front End Developer - Angular, JavaScript, jQuery, Agile, TypeScript",Mimecast,"London, UK",https://stackoverflow.com/jobs/376558
Lead DevOps / SRE Engineer (f/m/d),HeidelbergCement AG,"Heidelberg, Deutschland",https://stackoverflow.com/jobs/555118
Frontend Developer - Angular /m/w/d),hmmh multimediahaus AG,"Bremen, Deutschland",https://stackoverflow.com/jobs/528287
DevOps / SRE Engineer (f/m/d),HeidelbergCement AG,"Heidelberg, Deutschland",https://stackoverflow.com/jobs/555115
"Senior Web Developer (.NET Web Projects, Fully Remote)",BlueModus,No office location,https://stackoverflow.com/jobs/566348
"Solution Lead (.NET Web Projects, Fully Remote)",BlueModus,No office location,https://stackoverflow.com/jobs/566347
Frontend Entwickler (w/m/d) React / JavaScript - bundesweit & Homeoffice,objective partner AG,"Weinheim, Deutschland",https://stackoverflow.com/jobs/550884
Frontend Entwickler (w/m/d) Angular / Typescript - bundesweit & Homeoffice,objective partner AG,"Weinheim, Deutschland",https://stackoverflow.com/jobs/550883
Frontend Developer (m/w/d),RheinEnergie AG,"Köln, Deutschland",https://stackoverflow.com/jobs/506045
Full Stack Engineer (m/f/d),Relayr,"Katowice, Poland",https://stackoverflow.com/jobs/544460
Full Stack Engineer (m/f/d),Relayr,"Berlin, Germany",https://stackoverflow.com/jobs/544458
Senior Frontend Software Engineer (m/f/d),zooplus SE,"München, Germany",https://stackoverflow.com/jobs/524555
Senior Software Engineer - React Native,uShip,"Austin, TX",https://stackoverflow.com/jobs/550764
Senior TypeScript and .Net Developer,MapLarge,"Atlanta, GA",https://stackoverflow.com/jobs/482097
Senior Full Stack Web Developer,MapLarge,"Atlanta, GA",https://stackoverflow.com/jobs/99708
Senior .Net / C# Web Service Developer / Architect,MapLarge,"Atlanta, GA",https://stackoverflow.com/jobs/124860
Java FullStack SE - Looking to disrupt the Mortgage Industry!,"Cardinal Financial Company, LP",No office location,https://stackoverflow.com/jobs/350467
User Experience (UX) Designer/Researcher - Entry/Mid-Level,National Security Agency,"Fort Meade, MD",https://stackoverflow.com/jobs/565899
Back-end Developer,InteractioviaInvest Lithuania,"Vilnius, Lithuania",https://stackoverflow.com/jobs/543984
Junior JavaScript developer,SofteqviaInvest Lithuania,"Vilnius, Lithuania",https://stackoverflow.com/jobs/543978
Staff Software Engineer - OPEN TO REMOTE,The RealReal,No office location,https://stackoverflow.com/jobs/530699
Remote Experienced Frontend Engineer - React,"TheoremOne, LLC",No office location,https://stackoverflow.com/jobs/562427
Developer Frontend/ Backend/ Fullstack m/w/d,MARC O'POLO International GmbH,"Stephanskirchen, Deutschland",https://stackoverflow.com/jobs/519513
Senior Front End Engineer (Remote),Slido,"Bratislava, Slovakia",https://stackoverflow.com/jobs/519966
Lead Frontend Engineer,SyncSmart.io (by LyntonWeb.com),No office location,https://stackoverflow.com/jobs/519814
Senior Full-Stack Developer (Remote),Slido,"Bratislava, Slovakia",https://stackoverflow.com/jobs/519749
UX Developer,Portland Webworks,"Portland, ME",https://stackoverflow.com/jobs/524306
Senior .NET developer,emerchantpay,"Sofia, Bulgaria",https://stackoverflow.com/jobs/519494
Senior Technical Support Engineer,emerchantpay,"Sofia, Bulgaria",https://stackoverflow.com/jobs/519479
Web developer,Intel Corporation,"Moscow, Russia",https://stackoverflow.com/jobs/530450
Full-Stack Software Developer (Intermediate / Senior),Derivco.,"Hope Island, Australia",https://stackoverflow.com/jobs/550295
Senior Software Engineer,"Jack Henry & Associates, Inc.®",No office location,https://stackoverflow.com/jobs/558523
Sr. Cloud Support Engineer,"Sailpoint Technologies, Inc.","Austin, TX",https://stackoverflow.com/jobs/536838
UI/UX Designer,AutoRek,"Edinburgh, UK",https://stackoverflow.com/jobs/520641
Senior Full Stack Developer,AutoRek,"Edinburgh, UK",https://stackoverflow.com/jobs/520638
"Principal Software Engineer, Visual Interfaces (Front End / Full Stack) - London",Synthace Ltd.,"London, UK",https://stackoverflow.com/jobs/554537
Software Engineer - Frontend,ZALORA,"Ho Chi Minh City, Vietnam",https://stackoverflow.com/jobs/536783
"Software Engineer, Frontend (EMEA)",Hotjar,No office location,https://stackoverflow.com/jobs/566327
Java-Web-Entwickler (w/m/d),parcIT GmbH,"Köln, Deutschland",https://stackoverflow.com/jobs/524192
R&D Full Stack Software Engineer (Experienced),Sandia National Laboratories,"Albuquerque, NM",https://stackoverflow.com/jobs/566344
DevOps Engineer - High Performance Computing (Mid-Career),Sandia National Laboratories,"Albuquerque, NM",https://stackoverflow.com/jobs/566341
Java Developer for Splicky (DSP) Platform*,Goldbach Group AG,"Berlin, Germany",https://stackoverflow.com/jobs/565770
Senior Front-End Software Engineer (React),Higher Logic,No office location,https://stackoverflow.com/jobs/566338
React/Javascript Frontend Senior Developer,Providus Technologies Limited,"Quatre Bornes, Mauritius",https://stackoverflow.com/jobs/518632
"Développeur .Net Sécurité (possibilité de télétravail à 100%, partout au Québec)",Grics,"Montréal, QC, Canada",https://stackoverflow.com/jobs/543736
Senior Front-end Engineer,Reaktor,"Lisboa, Portugal",https://stackoverflow.com/jobs/554381
(Junior) Frontend Developer (m/f/d) JavaScript,knowis AG,"Regensburg, Deutschland",https://stackoverflow.com/jobs/565774
UK-Based Remote Full Stack Web Developer (Angular / NodeJS / AWS),WUSTL International,No office location,https://stackoverflow.com/jobs/518475
Senior Full-Stack Web Developer,Genetec,"Vienna, Austria",https://stackoverflow.com/jobs/565772
Full Stack Engineer,Odoo,"Buffalo, NY",https://stackoverflow.com/jobs/558069
Python Developer (Remote),Finsera,No office location,https://stackoverflow.com/jobs/524065
Senior Full Stack Developer - PHP and VueJS (f/m/d),CA Customer Alliance GmbH,No office location,https://stackoverflow.com/jobs/528320
Senior Software Engineer (React),Higher Logic,"Montreal, QC, Canada",https://stackoverflow.com/jobs/536301
Modern Infrastructure and Security Architect - Remote - Vice President -SRE,MUFG,No office location,https://stackoverflow.com/jobs/566303
"Solution Architect/ Technical Lead (OpenPages GRC), Vice President - Hybrid role",MUFG,"Tempe, AZ",https://stackoverflow.com/jobs/566301
Frontend Engineer,SQUAD,"Kyiv, Ukraine",https://stackoverflow.com/jobs/518176
Lead Tech SEO Manager (d/f/m),Stylight,"München, Deutschland",https://stackoverflow.com/jobs/566291
E-commerce und Plugin / Theme Entwickler (m/w/d),SOLIT Management GmbH,"Wiesbaden, Deutschland",https://stackoverflow.com/jobs/518171
Front End Developer - Marketing Development,Gamesys Group,"London, UK",https://stackoverflow.com/jobs/566288
Software Engineer,Which?,"London, UK",https://stackoverflow.com/jobs/524001
Software Developer,SUSE,No office location,https://stackoverflow.com/jobs/558030
Front-End Engineer,Mixam,"Watford, UK",https://stackoverflow.com/jobs/523992
Full Stack Developer (.NET+Angular) - Build state-of-the-art creatives,Pentalog,No office location,https://stackoverflow.com/jobs/554219
Experienced Front End Engineer,AE nv/sa,"Leuven, Belgium",https://stackoverflow.com/jobs/523553
Mobile Application Engineer,BET Software,"Umhlanga, South Africa",https://stackoverflow.com/jobs/566270
Frontend Developer (m/f/d),Pixida GmbH,"München, Deutschland",https://stackoverflow.com/jobs/566267
Javascript Reverse Engineer,eyeo GmbH,No office location,https://stackoverflow.com/jobs/561553
Senior Web Entwickler (m/w/d),ilum:e informatik AG,No office location,https://stackoverflow.com/jobs/566266
Full Stack Engineer,NN Group N.V.,"Den Haag, Netherlands",https://stackoverflow.com/jobs/557647
Full Stack Software Developer,Limelyte Technology Group,"Spokane, WA",https://stackoverflow.com/jobs/565751
System Architect (m/f/d) for Cloud Solutions,SupplyOn AG,"Dresden, Deutschland",https://stackoverflow.com/jobs/549094
Senior Fullstack Developer (m/w/d) - für E-Commerce Agentur in Bremen,hmmh multimediahaus AG,"Bremen, Deutschland",https://stackoverflow.com/jobs/527118
Full Stack Web Developer (m/w/d),EyeC GmbH,"Hamburg, Deutschland",https://stackoverflow.com/jobs/408137
Frontend Web Developer (m/w/d),EyeC GmbH,"Hamburg, Deutschland",https://stackoverflow.com/jobs/408135
Javascript & PHP Entwickler(in) für spannende Webapplikationen,4eyes GmbH,"Basel, Schweiz",https://stackoverflow.com/jobs/420062
Backend Engineer - Tradeshift Engage,Tradeshift,"Aarhus, Denmark",https://stackoverflow.com/jobs/526909
Frontend Developer E-Commerce (m/w/d),Peek & Cloppenburg,"Düsseldorf, Germany",https://stackoverflow.com/jobs/565676
Software Entwickler*in OmniTracker (m/w/d),Stadtwerke München GmbH,"München, Deutschland",https://stackoverflow.com/jobs/516837
.Net Developer,Smals,"Brussel, Belgium",https://stackoverflow.com/jobs/472397
Software-Entwickler C# / .NET (m/w/d) – Medizintechnik,Method Park,"Erlangen, Deutschland",https://stackoverflow.com/jobs/548555
Software-Entwickler & Software-Architekt (m/w/d),Method Park,"München, Deutschland",https://stackoverflow.com/jobs/548553
Frontend Developer:in (all genders),asgoodasnew electronics GmbH,"Berlin, Deutschland",https://stackoverflow.com/jobs/565657
Front End Engineer,"Betterup, Inc.",No office location,https://stackoverflow.com/jobs/523559
"Senior/Front End Engineer, APAC",Coda Payments,No office location,https://stackoverflow.com/jobs/557316
Front-End Software Engineer,HENNGE K.K.,"Tokyo, Japan",https://stackoverflow.com/jobs/381280
Salesforce Engineering Manager (Q-Commerce - Local Shops) (f/m/d),Delivery Hero SE,"Berlin, Germany",https://stackoverflow.com/jobs/565645
Full-Stack PHP Web Developer,D3R,"Chichester, UK",https://stackoverflow.com/jobs/282255
Backend Software Engineer,Armored Things,"Boston, MA",https://stackoverflow.com/jobs/322319
Mid level software developer,Dynamic Planner,No office location,https://stackoverflow.com/jobs/566220
"Senior Web Engineer | TypeScript, React.js, Next.js | High Traffic E-commerce",Dé VakantieDiscounter,"Amsterdam, Netherlands",https://stackoverflow.com/jobs/557189
Développeur Angular / Java,Digital4Better,"Paris, France",https://stackoverflow.com/jobs/515925
Tech Lead,Which?,"London, UK",https://stackoverflow.com/jobs/553253
"Full Stack Software Engineer, Business Integrity",ByteDance,Singapore,https://stackoverflow.com/jobs/553099
.NET Developer,Accenture Romania,No office location,https://stackoverflow.com/jobs/550598
"Frontend Software Engineer, Customer Service Platform",ByteDance,Singapore,https://stackoverflow.com/jobs/541573
"Frontend Software Engineer, Business Integrity",ByteDance,Singapore,https://stackoverflow.com/jobs/553035
"Software Engineer, Python&TypeScript",Chaturbate,No office location,https://stackoverflow.com/jobs/566212
Frontend (UX) Engineer,Pinnacle 21,No office location,https://stackoverflow.com/jobs/561044
React Front End Developer,"Daupler, Inc.","Kansas City, MO",https://stackoverflow.com/jobs/523351
Senior Software Engineer - User Interface Development,"Jack Henry & Associates, Inc.®",No office location,https://stackoverflow.com/jobs/561040
Software Engineer (Migration),Odoo,"San Francisco, CA",https://stackoverflow.com/jobs/472407
Software Engineer,Odoo,"Ciudad de México, Mexico",https://stackoverflow.com/jobs/472421
Full Stack Engineer,Odoo,"San Francisco, CA",https://stackoverflow.com/jobs/524056
Python Web Application Developer (Entry or Mid Level),"Cipher Tech Solutions, Inc",No office location,https://stackoverflow.com/jobs/561032
Fullstack Entwickler (m/w/d),SOLIT Management GmbH,"Wiesbaden, Deutschland",https://stackoverflow.com/jobs/523307
Fullstack Web-Entwickler PHP/React (m/w/d) für E-Commerce Agentur aus Bremen,hmmh multimediahaus AG,No office location,https://stackoverflow.com/jobs/526714
Remote Fullstack Entwicklerin (m/w/d),Ambient,"Köln, Deutschland",https://stackoverflow.com/jobs/552969
WordPress Theme and Plugin Developer - Remote Position,WPRiders,"Bucharest, Romania",https://stackoverflow.com/jobs/566195
Junior Java fejlesztő,UNIQA Raiffeisen Software Service Kft.,"Budapest, Ungarn",https://stackoverflow.com/jobs/515491
Senior Java fejlesztő,UNIQA Raiffeisen Software Service Kft.,"Budapest, Ungarn",https://stackoverflow.com/jobs/515490
"Full-Stack fejlesztő (Angular, Java)",UNIQA Raiffeisen Software Service Kft.,"Budapest, Ungarn",https://stackoverflow.com/jobs/515488
"Senior Software Engineer, Python",Chaturbate,"San Francisco, CA",https://stackoverflow.com/jobs/566183
Lead Software Engineer (Full Stack),"Jack Henry & Associates, Inc.®",No office location,https://stackoverflow.com/jobs/541319
Senior Front End Developer,Which?,"London, UK",https://stackoverflow.com/jobs/524732
Java Entwickler (m/w/d),ISO Recruiting Consultants GmbH,"Nürnberg, Deutschland",https://stackoverflow.com/jobs/566160
C++ Softwareentwickler (m/w/d),ISO Recruiting Consultants GmbH,"Nürnberg, Deutschland",https://stackoverflow.com/jobs/566159
Software Developer,LMAX Group,"Auckland, New Zealand",https://stackoverflow.com/jobs/172717
Python Entwickler*in Remote (f/m/d),Ambient,"Köln, Deutschland",https://stackoverflow.com/jobs/493874
Vue.js Developer (Remote),X-Team,No office location,https://stackoverflow.com/jobs/534462
iOS / Swift Developer (Remote),X-Team,No office location,https://stackoverflow.com/jobs/534448
LEAD INSTRUCTOR - WEB DEVELOPMENT [full time | German speaking | hybrid],WBS Gruppe,No office location,https://stackoverflow.com/jobs/529169
Full Stack Developer,Ensign InfoSecurity (Cybersecurity) Pte Ltd,Singapore,https://stackoverflow.com/jobs/534276
"Sr Full Stack Engineer - US & Canada Remote (.NET core, NoSQL, React, AWS)",Lone Wolf Technologies,No office location,https://stackoverflow.com/jobs/523487
Product Security Engineer,Nozomi Networks,"Mendrisio, Switzerland",https://stackoverflow.com/jobs/526404
React Software Engineer @ Nozomi Networks,Nozomi Networks,"Mendrisio, Switzerland",https://stackoverflow.com/jobs/526403
Senior Software Engineer (Risk Management),tastyworks,"Chicago, IL",https://stackoverflow.com/jobs/556772
Ruby Developer,Vodafone,No office location,https://stackoverflow.com/jobs/560706
C# Developer für Webanwendungen (w/*/m),queo GmbH,"Dresden, Deutschland",https://stackoverflow.com/jobs/522414
FullStack Developer,Envato Mexico,No office location,https://stackoverflow.com/jobs/524890
Software Engineer (Front-End Typescript),Baker Hughes,"Cramlington, UK",https://stackoverflow.com/jobs/560596
Full Stack Developer Mobile Gaming (m/w/d),Lotum GmbH,"Bad Nauheim, Deutschland",https://stackoverflow.com/jobs/372990
Senior Web/Mobile Developer (m/w/d),Lotum GmbH,"Frankfurt am Main, Deutschland",https://stackoverflow.com/jobs/372988
Full Stack Mobile Developer (Flutter) (w/m/d),Lotum GmbH,"Frankfurt am Main, Deutschland",https://stackoverflow.com/jobs/526742
Senior React Developer,BET Software,"Umhlanga, South Africa",https://stackoverflow.com/jobs/562563
Integration Engineer (all genders),AdDefend GmbH,"Hamburg, Germany",https://stackoverflow.com/jobs/566146
Senior Product Designer,Olo,No office location,https://stackoverflow.com/jobs/529175
